{"RuleTriggered": 0, "Violations": 11, "Details": {"low_gpu_utilization": 1054, "bottlenecks": {"1744807396.501299": {"GPUs": 1, "CPUs": 1}, "1744807417.001226": {"GPUs": 1, "CPUs": 1}, "1744807418.002044": {"GPUs": 1, "CPUs": 1}, "1744807419.0019": {"GPUs": 1, "CPUs": 1}, "1744807421.00159": {"GPUs": 1, "CPUs": 2}, "1744807422.001711": {"GPUs": 1, "CPUs": 1}, "1744807428.002087": {"GPUs": 1, "CPUs": 1}, "1744807428.501506": {"GPUs": 1, "CPUs": 1}, "1744807429.001798": {"GPUs": 1, "CPUs": 1}, "1744807429.501901": {"GPUs": 1, "CPUs": 1}, "1744807430.001174": {"GPUs": 1, "CPUs": 1}}}, "Datapoints": 1324, "RuleParameters": "threshold:50\nio_threshold:50\ngpu_threshold:10\npatience:1000"}